{"cameraMode":{"drawMode":0,"name":"Shaded","section":"Shading Mode"},"sceneLighting":false,"audioPlay":false,"sceneViewState":{"showFog":true,"showMaterialUpdate":false,"showSkybox":true,"showFlares":true,"showImageEffects":true,"showParticleSystems":true},"in2DMode":false,"pivot":{"x":-251.4667205810547,"y":1.9454562664031983,"z":0.16147151589393617},"rotation":{"x":-0.11534705013036728,"y":-0.6843364238739014,"z":0.11318283528089524,"w":-0.7110334038734436},"size":21.288328170776368,"orthographic":false}