{"cameraMode":{"drawMode":0,"name":"Shaded","section":"Shading Mode"},"sceneLighting":false,"audioPlay":false,"sceneViewState":{"showFog":true,"showMaterialUpdate":false,"showSkybox":true,"showFlares":true,"showImageEffects":true,"showParticleSystems":true},"in2DMode":false,"pivot":{"x":-251.4667205810547,"y":1.9454562664031983,"z":0.16147151589393617},"rotation":{"x":-0.02886698581278324,"y":-0.9691409468650818,"z":0.1874474287033081,"w":-0.1574675440788269},"size":8.439868927001954,"orthographic":false}