{"cameraMode":{"drawMode":0,"name":"Shaded","section":"Shading Mode"},"sceneLighting":true,"audioPlay":false,"sceneViewState":{"showFog":true,"showMaterialUpdate":false,"showSkybox":true,"showFlares":true,"showImageEffects":true,"showParticleSystems":true},"in2DMode":false,"pivot":{"x":-141.1861572265625,"y":18.604507446289064,"z":8.13970947265625},"rotation":{"x":-0.21609102189540864,"y":-0.0009322178084403276,"z":0.00004944959073327482,"w":-0.9763727784156799},"size":154.28892517089845,"orthographic":false}