{"cameraMode":{"drawMode":0,"name":"Shaded","section":"Shading Mode"},"sceneLighting":true,"audioPlay":false,"sceneViewState":{"showFog":true,"showMaterialUpdate":false,"showSkybox":true,"showFlares":true,"showImageEffects":true,"showParticleSystems":true},"in2DMode":false,"pivot":{"x":-225.92274475097657,"y":11.805023193359375,"z":3.8172378540039064},"rotation":{"x":-0.021291743963956834,"y":-0.006572660058736801,"z":0.0017317782621830702,"w":-0.9997502565383911},"size":64.28771209716797,"orthographic":false}