{"cameraMode":{"drawMode":0,"name":"Shaded","section":"Shading Mode"},"sceneLighting":true,"audioPlay":false,"sceneViewState":{"showFog":true,"showMaterialUpdate":false,"showSkybox":true,"showFlares":true,"showImageEffects":true,"showParticleSystems":true},"in2DMode":false,"pivot":{"x":-157.3306884765625,"y":7.457334995269775,"z":-0.07855987548828125},"rotation":{"x":-0.022955913096666337,"y":-0.27153322100639346,"z":0.008132759481668473,"w":-0.9621208906173706},"size":146.8369140625,"orthographic":false}